<?xml version="1.0"?>
<doc>
    <assembly>
        <name>Microsoft.AspNet.WebSockets.Server</name>
    </assembly>
    <members>
        <member name="T:Microsoft.AspNet.WebSockets.Server.WebSocketOptions">
            <summary>
            Configuration options for the WebSocketMiddleware
            </summary>
        </member>
        <member name="P:Microsoft.AspNet.WebSockets.Server.WebSocketOptions.KeepAliveInterval">
            <summary>
            Gets or sets the frequency at which to send Ping/Pong keep-alive control frames.
            The default is two minutes.
            </summary>
        </member>
        <member name="P:Microsoft.AspNet.WebSockets.Server.WebSocketOptions.ReceiveBufferSize">
            <summary>
            Gets or sets the size of the protocol buffer used to receive and parse frames.
            The default is 4kb.
            </summary>
        </member>
        <member name="P:Microsoft.AspNet.WebSockets.Server.WebSocketOptions.ReplaceFeature">
            <summary>
            Gets or sets if the middleware should replace the WebSocket implementation provided by
            a component earlier in the stack. This is false by default.
            </summary>
        </member>
    </members>
</doc>
